City_ID,City,Country,Date,Lat,Lng,Max Temp,Humidity,Cloudiness,Wind Speed
0,Mahanje,TZ,2022-12-21 04:12:31,-9.9333,35.3333,66.04,89,100,2.19
1,Khandyga,RU,2022-12-21 04:12:32,62.6667,135.6,-27.98,99,71,0.96
2,San Patricio,US,2022-12-21 04:12:32,28.017,-97.5169,55.83,76,100,9.86
3,Victoria,HK,2022-12-21 04:09:25,22.2855,114.1577,69.24,46,100,11.99
4,Hofn,IS,2022-12-21 04:12:33,64.2539,-15.2082,33.6,71,100,39.44
5,Tuatapere,NZ,2022-12-21 04:12:33,-46.1333,167.6833,64.31,55,24,10.6
6,Hermanus,ZA,2022-12-21 04:12:34,-34.4187,19.2345,57.79,69,7,13.82
7,Puerto Ayora,EC,2022-12-21 04:12:34,-0.7393,-90.3518,71.55,96,45,4.92
8,Upernavik,GL,2022-12-21 04:12:34,72.7868,-56.1549,8.71,96,100,14.34
9,Salalah,OM,2022-12-21 04:12:35,17.0151,54.0924,70.88,28,76,12.68
10,Bredasdorp,ZA,2022-12-21 04:12:35,-34.5322,20.0403,60.08,66,17,8.46
11,Punta Arenas,CL,2022-12-21 04:12:36,-53.15,-70.9167,57.11,71,0,6.91
12,Talnakh,RU,2022-12-21 04:12:36,69.4865,88.3972,-20.79,98,100,6.04
13,Provideniya,RU,2022-12-21 04:12:19,64.3833,-173.3,21.31,68,0,29.08
14,Coihaique,CL,2022-12-21 04:12:37,-45.5752,-72.0662,57.15,77,0,3.44
15,Atuona,PF,2022-12-21 04:12:37,-9.8,-139.0333,78.48,79,11,22.12
16,Danville,US,2022-12-21 04:11:24,36.586,-79.395,29.34,83,0,0.0
17,Batagay,RU,2022-12-21 04:12:18,67.6333,134.6333,-30.68,96,53,2.62
18,Dikson,RU,2022-12-21 04:12:38,73.5069,80.5464,-1.43,95,100,8.43
19,Katsina,NG,2022-12-21 04:12:38,12.9894,7.6006,59.77,36,95,11.88
20,Hobart,AU,2022-12-21 04:08:06,-42.8794,147.3294,70.23,60,75,10.36
21,Rikitea,PF,2022-12-21 04:12:39,-23.1203,-134.9692,76.64,86,36,18.28
22,Torbay,CA,2022-12-21 04:12:39,47.6666,-52.7314,35.58,87,34,21.99
23,Caravelas,BR,2022-12-21 04:12:40,-17.7125,-39.2481,74.73,92,96,9.19
24,Petropavlovsk-Kamchatskiy,RU,2022-12-21 04:12:40,53.0452,158.6483,27.19,69,20,2.24
25,Bluff,NZ,2022-12-21 04:12:41,-46.6,168.3333,56.07,72,99,20.04
26,Mandan,US,2022-12-21 04:12:41,46.8267,-100.8896,-10.62,75,100,3.44
27,Turka,UA,2022-12-21 04:09:05,49.1541,23.0297,26.26,68,93,7.96
28,Monrovia,LR,2022-12-21 04:12:00,6.3005,-10.7969,69.57,81,99,3.87
29,Castro,BR,2022-12-21 04:12:42,-24.7911,-50.0119,56.48,95,93,4.5
30,Kapaa,US,2022-12-21 04:10:26,22.0752,-159.319,75.52,72,0,13.8
31,Sitka,US,2022-12-21 04:11:12,57.0531,-135.33,19.29,58,0,5.75
32,Lompoc,US,2022-12-21 04:10:54,34.6391,-120.4579,48.78,91,51,8.84
33,Fortuna,US,2022-12-21 04:12:43,40.5982,-124.1573,52.14,94,100,5.01
34,Lindi,TZ,2022-12-21 04:12:44,-10.0,39.7167,77.68,86,99,2.39
35,Cape Town,ZA,2022-12-21 04:07:59,-33.9258,18.4232,64.11,72,3,13.0
36,Qaanaaq,GL,2022-12-21 04:12:44,77.484,-69.3632,-18.49,72,29,5.59
37,Albany,US,2022-12-21 04:08:26,42.6001,-73.9662,23.41,95,40,3.76
38,Dobrinka,RU,2022-12-21 04:12:45,52.1653,40.4731,25.74,96,92,6.58
39,Isangel,VU,2022-12-21 04:12:45,-19.55,169.2667,84.25,66,15,3.15
40,Thunder Bay,CA,2022-12-21 04:11:53,48.4001,-89.3168,1.26,87,100,11.45
41,Chuy,UY,2022-12-21 04:12:46,-33.6971,-53.4616,63.81,92,0,7.02
42,Areosa,PT,2022-12-21 04:12:46,41.7178,-8.8571,59.11,89,100,13.67
43,Georgetown,MY,2022-12-21 04:08:26,5.4112,100.3354,84.13,77,20,6.91
44,Hovd,MN,2022-12-21 04:12:47,48.0056,91.6419,7.38,81,11,1.21
45,Vila,PT,2022-12-21 04:12:47,42.0304,-8.1588,49.08,89,98,7.36
46,Tautira,PF,2022-12-21 04:13:48,-17.7333,-149.15,79.48,83,85,13.82
47,Mahebourg,MU,2022-12-21 04:08:51,-20.4081,57.7,80.89,65,40,6.91
48,Nouadhibou,MR,2022-12-21 04:13:49,20.931,-17.0347,66.11,51,0,17.38
49,Mataura,NZ,2022-12-21 04:13:49,-46.1927,168.8643,61.92,57,93,7.09
50,Ponta Do Sol,PT,2022-12-21 04:13:49,32.6667,-17.1,68.72,84,89,1.59
51,Khatanga,RU,2022-12-21 04:13:50,71.9667,102.5,-23.78,79,1,16.69
52,Patu,BR,2022-12-21 04:13:50,-6.11,-37.6367,76.26,71,3,7.02
53,Kirakira,SB,2022-12-21 04:13:51,-10.4544,161.9205,86.05,69,89,7.31
54,Roald,NO,2022-12-21 04:13:51,62.5833,6.1333,44.76,75,40,12.66
55,Vaini,TO,2022-12-21 04:13:52,-21.2,-175.2,81.61,78,4,12.35
56,Flagstaff,US,2022-12-21 04:11:38,35.1981,-111.6513,28.53,56,0,0.0
57,Corinto,GR,2022-12-21 04:13:52,37.9407,22.9573,48.88,77,7,4.21
58,Khasan,RU,2022-12-21 04:13:53,42.4308,130.6434,31.39,89,100,5.88
59,Sungaipenuh,ID,2022-12-21 04:13:53,-2.0833,101.3833,79.43,57,97,2.91
60,Humaita,BR,2022-12-21 04:09:18,-7.5061,-63.0208,72.03,98,68,0.89
61,Elko,US,2022-12-21 04:13:54,41.0002,-115.5012,28.22,96,78,4.88
62,Butaritari,KI,2022-12-21 04:13:54,3.0707,172.7902,82.15,79,100,17.13
63,Soledade,BR,2022-12-21 04:13:55,-28.8183,-52.5103,59.13,95,4,5.66
64,Haines Junction,CA,2022-12-21 04:13:55,60.7522,-137.5108,-26.7,99,100,0.29
65,Ternate,ID,2022-12-21 04:13:56,0.8,127.4,84.15,69,97,4.12
66,Atar,MR,2022-12-21 04:13:56,20.5169,-13.0499,61.12,37,0,11.12
67,East London,ZA,2022-12-21 04:13:57,-33.0153,27.9116,63.46,74,100,4.29
68,Maniitsoq,GL,2022-12-21 04:13:57,65.4167,-52.9,17.49,58,36,5.66
69,Jamestown,US,2022-12-21 04:13:58,42.097,-79.2353,26.71,97,75,4.61
70,Bethel,US,2022-12-21 04:13:58,41.3712,-73.414,28.94,74,0,3.0
71,New Norfolk,AU,2022-12-21 04:13:59,-42.7826,147.0587,69.89,37,91,1.99
72,Mount Gambier,AU,2022-12-21 04:13:59,-37.8333,140.7667,79.27,31,100,13.29
73,Lebu,CL,2022-12-21 04:13:59,-37.6167,-73.65,56.61,95,11,6.71
74,Hasaki,JP,2022-12-21 04:14:00,35.7333,140.8333,50.4,60,100,5.99
75,Nizwa,OM,2022-12-21 04:14:00,22.9333,57.5333,64.99,65,0,1.81
76,Norman Wells,CA,2022-12-21 04:14:01,65.282,-126.8329,-41.76,66,40,2.3
77,Longyearbyen,SJ,2022-12-21 04:10:09,78.2186,15.6401,10.24,72,40,10.36
78,Katsuura,JP,2022-12-21 04:14:01,35.1333,140.3,54.18,63,90,12.75
79,Yellowknife,CA,2022-12-21 04:10:57,62.456,-114.3525,-23.55,100,100,6.15
80,Luderitz,NA,2022-12-21 04:14:02,-26.6481,15.1594,63.07,80,0,7.25
81,Sembakung,ID,2022-12-21 04:14:03,3.8167,117.25,86.31,67,100,2.77
82,Vardo,NO,2022-12-21 04:14:03,70.3705,31.1107,26.58,74,20,13.8
83,Arraial Do Cabo,BR,2022-12-21 04:09:26,-22.9661,-42.0278,71.33,90,100,16.53
84,Katangli,RU,2022-12-21 04:14:04,51.7102,143.2326,4.26,78,100,16.64
85,Acari,PE,2022-12-21 04:14:04,-15.4311,-74.6158,72.64,84,43,2.39
86,Ushuaia,AR,2022-12-21 04:14:04,-54.8,-68.3,53.26,47,0,17.27
87,Tarko-Sale,RU,2022-12-21 04:15:05,64.9225,77.785,-8.72,94,100,13.38
88,Nikolskoye,RU,2022-12-21 04:15:06,59.7035,30.7861,22.91,96,100,8.39
89,Faanui,PF,2022-12-21 04:15:08,-16.4833,-151.75,81.12,76,63,18.21
90,Pangnirtung,CA,2022-12-21 04:15:09,66.1451,-65.7125,4.21,80,32,3.94
91,Tazovskiy,RU,2022-12-21 04:15:09,67.4667,78.7,-33.2,99,78,6.13
92,Tuktoyaktuk,CA,2022-12-21 04:15:10,69.4541,-133.0374,-14.71,99,99,9.28
93,Shingu,JP,2022-12-21 04:15:10,33.7333,135.9833,52.56,59,29,5.53
94,Tambun,ID,2022-12-21 04:15:10,-6.2641,107.0712,89.64,62,40,8.05
95,Paamiut,GL,2022-12-21 04:15:11,61.994,-49.6678,12.83,58,4,10.27
96,San Cristobal,VE,2022-12-21 04:15:11,7.7669,-72.225,68.18,84,55,1.23
97,Barrow,US,2022-12-21 04:15:12,71.2906,-156.7887,-12.98,84,0,6.91
98,Airai,TL,2022-12-21 04:15:12,-8.9266,125.4092,63.99,87,100,3.58
99,Saskylakh,RU,2022-12-21 04:15:12,71.9167,114.0833,-32.78,96,76,6.44
100,Naze,JP,2022-12-21 04:15:13,28.3667,129.4833,63.72,74,100,15.28
101,Kungurtug,RU,2022-12-21 04:15:14,50.5994,97.5228,9.18,90,92,1.59
102,Hay River,CA,2022-12-21 04:15:14,60.8156,-115.7999,-24.57,96,38,4.47
103,Envira,BR,2022-12-21 04:15:14,-7.3,-70.2167,70.16,99,100,1.99
104,Ambulu,ID,2022-12-21 04:15:15,-8.345,113.6058,86.5,63,56,6.98
105,San Rafael,AR,2022-12-21 04:15:15,-34.6177,-68.3301,73.35,42,41,13.02
106,Hilo,US,2022-12-21 04:14:50,19.7297,-155.09,75.25,85,20,3.44
107,Nome,US,2022-12-21 04:15:16,64.5011,-165.4064,8.67,61,0,12.66
108,Lufilufi,WS,2022-12-21 04:15:16,-13.8745,-171.5986,86.79,77,21,18.45
109,Lagoa,PT,2022-12-21 04:15:17,39.05,-27.9833,62.26,91,100,21.68
110,Santa Fe,AR,2022-12-21 04:10:40,-31.6333,-60.7,80.01,57,0,5.01
111,Ugoofaaru,MV,2022-12-21 04:15:17,5.6667,73.0,80.44,72,100,3.22
112,Kapit,MY,2022-12-21 04:15:18,2.0167,112.9333,84.34,80,95,1.88
113,Dukat,RU,2022-12-21 04:15:18,62.55,155.55,14.27,96,82,8.97
114,Santarem,BR,2022-12-21 04:15:19,-2.4431,-54.7083,77.13,94,40,3.44
115,Nevsehir,TR,2022-12-21 04:15:19,38.9167,34.6667,29.41,80,100,4.61
116,Hithadhoo,MV,2022-12-21 04:15:20,-0.6,73.0833,80.67,70,100,11.18
117,Busselton,AU,2022-12-21 04:13:38,-33.65,115.3333,83.59,33,47,3.42
118,Dubbo,AU,2022-12-21 04:15:20,-32.25,148.6167,80.73,22,51,8.05
119,Santa Maria,BR,2022-12-21 04:14:55,-29.6842,-53.8069,65.71,88,0,8.34
120,Avarua,CK,2022-12-21 04:15:21,-21.2078,-159.775,75.25,88,75,2.3
121,Oum Hadjer,TD,2022-12-21 04:15:21,13.2954,19.6966,66.11,35,14,7.7
122,Caconda,AO,2022-12-21 04:15:22,-13.7333,15.0667,55.98,84,100,4.21
123,Mahibadhoo,MV,2022-12-21 04:15:22,3.7833,72.9667,76.03,91,100,13.18
124,Bandarbeyla,SO,2022-12-21 04:15:23,9.4942,50.8122,76.84,78,72,17.92
125,Miranda,CO,2022-12-21 04:15:23,3.2499,-76.2281,68.13,80,93,3.4
126,The Valley,AI,2022-12-21 04:15:23,18.217,-63.0578,79.11,75,1,15.32
127,Solnechnyy,RU,2022-12-21 04:15:24,50.7214,136.6319,-3.19,87,66,2.84
128,Saldanha,ZA,2022-12-21 04:15:24,-33.0117,17.9442,61.75,79,0,13.62
129,Namibe,AO,2022-12-21 04:15:25,-15.1961,12.1522,67.15,78,46,4.5
130,Kodiak,US,2022-12-21 04:11:11,57.79,-152.4072,26.11,74,100,6.91
131,Byron Bay,AU,2022-12-21 04:15:25,-28.65,153.6167,75.94,60,65,9.35
132,Lacombe,CA,2022-12-21 04:12:26,52.4668,-113.7353,-23.26,97,100,5.84
133,Kavieng,PG,2022-12-21 04:15:26,-2.5744,150.7967,83.48,75,100,8.19
134,Dzhebariki-Khaya,RU,2022-12-21 04:15:27,62.2167,135.8,-25.8,98,93,1.1
135,Touros,BR,2022-12-21 04:16:27,-5.1989,-35.4608,77.5,82,14,8.66
136,Vila Franca Do Campo,PT,2022-12-21 04:16:27,37.7167,-25.4333,67.19,96,99,13.35
137,Sao Paulo Do Potengi,BR,2022-12-21 04:16:28,-5.895,-35.7628,78.91,83,4,3.62
138,Pisco,PE,2022-12-21 04:14:59,-13.7,-76.2167,69.03,86,82,1.14
139,Menongue,AO,2022-12-21 04:16:28,-14.6585,17.691,65.19,53,100,7.23
140,Codrington,AU,2022-12-21 04:16:29,-38.2667,141.9667,77.67,33,100,17.36
141,Sur,OM,2022-12-21 04:16:29,22.5667,59.5289,74.73,49,0,6.2
142,Namatanai,PG,2022-12-21 04:16:30,-3.6667,152.4333,85.19,68,91,9.55
143,Fort Wellington,GY,2022-12-21 04:16:30,6.4,-57.6,76.21,81,100,9.33
144,Sola,VU,2022-12-21 04:16:30,-13.8833,167.55,90.27,66,21,0.0
145,Buraydah,SA,2022-12-21 04:16:31,26.326,43.975,54.05,55,4,10.92
146,Morant Bay,JM,2022-12-21 04:16:31,17.8815,-76.4093,76.62,84,7,7.09
147,Darhan,MN,2022-12-21 04:16:32,49.4867,105.9228,-0.17,79,58,5.44
148,Ambon,ID,2022-12-21 04:16:32,-3.6954,128.1814,89.74,66,40,10.36
149,Galle,LK,2022-12-21 04:12:22,6.0367,80.217,80.47,79,74,5.88
150,Jiangyou,CN,2022-12-21 04:14:41,31.7667,104.7167,48.85,38,0,3.85
151,Olafsvik,IS,2022-12-21 04:16:33,64.8945,-23.7142,30.47,68,94,37.2
152,Kobelyaky,UA,2022-12-21 04:16:33,49.1489,34.1965,32.76,79,100,8.57
153,Egvekinot,RU,2022-12-21 04:16:34,66.3167,-179.1667,9.68,54,3,11.05
154,Thinadhoo,MV,2022-12-21 04:11:53,0.5333,72.9333,81.05,75,100,11.07
155,Te Anau,NZ,2022-12-21 04:16:34,-45.4167,167.7167,69.66,42,9,2.8
156,George,ZA,2022-12-21 04:16:35,-33.963,22.4617,53.15,94,20,1.14
157,Port-Gentil,GA,2022-12-21 04:14:16,-0.7193,8.7815,79.66,77,100,4.94
158,Honningsvag,NO,2022-12-21 04:16:35,70.9821,25.9704,26.35,68,100,8.05
159,Ampanihy,MG,2022-12-21 04:16:36,-24.7,44.75,71.42,91,100,3.13
160,Port Moresby,PG,2022-12-21 04:16:36,-9.4431,147.1797,84.72,71,68,7.16
161,Avera,US,2022-12-21 04:16:37,33.194,-82.5271,38.71,78,100,9.19
162,Izhma,RU,2022-12-21 04:16:37,65.0083,53.9113,-20.29,100,94,2.64
163,Ancud,CL,2022-12-21 04:16:38,-41.8697,-73.8203,57.78,93,78,9.4
164,Poum,NC,2022-12-21 04:16:38,-20.2333,164.0167,78.01,80,64,23.71
165,Tasiilaq,GL,2022-12-21 04:16:38,65.6145,-37.6368,12.36,55,7,3.27
166,Askim,NO,2022-12-21 04:16:39,59.5833,11.1629,34.56,98,100,1.01
167,Lewistown,US,2022-12-21 04:16:39,40.5992,-77.5714,25.54,96,0,0.0
168,Port Elizabeth,ZA,2022-12-21 04:16:40,-33.918,25.5701,61.32,93,75,2.3
169,North Bend,US,2022-12-21 04:15:06,43.4065,-124.2243,53.92,95,100,11.5
170,Banda Aceh,ID,2022-12-21 04:16:40,5.5577,95.3222,82.09,73,86,7.7
171,Pacific Grove,US,2022-12-21 04:16:41,36.6177,-121.9166,49.82,90,0,3.44
172,Coquimbo,CL,2022-12-21 04:16:41,-29.9533,-71.3436,60.53,94,0,2.3
173,Chazuta,PE,2022-12-21 04:16:42,-6.5742,-76.1367,73.65,90,98,1.45
174,Port Hardy,CA,2022-12-21 04:16:42,50.6996,-127.4199,21.38,73,40,9.22
175,Sao Filipe,CV,2022-12-21 04:16:42,14.8961,-24.4956,76.32,62,3,12.08
176,Watsa,CD,2022-12-21 04:16:43,3.0372,29.5355,61.63,88,77,2.35
177,Madison,US,2022-12-21 04:13:24,34.7334,-86.5667,40.46,89,0,0.0
178,Beidao,CN,2022-12-21 04:16:43,34.5686,105.8933,40.57,27,0,3.33
179,Bolshaya Sosnova,RU,2022-12-21 04:16:44,57.6713,54.6029,-15.29,100,85,3.69
180,Ashington,GB,2022-12-21 04:16:44,50.9331,-0.3909,50.43,90,100,8.99
181,Sisimiut,GL,2022-12-21 04:16:45,66.9395,-53.6735,16.93,63,40,4.07
182,Ribeira Grande,PT,2022-12-21 04:16:45,38.5167,-28.7,64.78,96,100,13.0
183,Plettenberg Bay,ZA,2022-12-21 04:17:46,-34.0527,23.3716,59.02,73,57,3.67
184,Russell,US,2022-12-21 04:17:46,32.3502,-85.1999,43.88,93,96,7.85
185,Riyadh,SA,2022-12-21 04:16:07,24.6877,46.7219,48.34,41,6,7.02
186,Bilma,NE,2022-12-21 04:13:24,18.6853,12.9164,58.71,48,81,11.23
187,Kaitangata,NZ,2022-12-21 04:17:47,-46.2817,169.8464,54.39,75,100,12.33
188,Geraldton,AU,2022-12-21 04:17:47,-28.7667,114.6,95.41,26,0,13.8
189,Rock Springs,US,2022-12-21 04:17:48,41.5875,-109.2029,24.24,80,100,10.36
190,Bonavista,CA,2022-12-21 04:17:48,48.6499,-53.1147,33.76,82,31,22.3
191,Hit,IQ,2022-12-21 04:17:08,33.6416,42.8251,52.75,52,1,4.9
192,Constitucion,CL,2022-12-21 04:17:49,-35.3333,-72.4167,56.95,91,0,4.12
193,Gambela,ET,2022-12-21 04:17:49,8.25,34.5833,76.28,53,23,3.27
194,Vila Velha,BR,2022-12-21 04:17:50,-20.3297,-40.2925,75.15,97,100,10.36
195,San Vicente,AR,2022-12-21 04:17:50,-26.6167,-54.1333,62.13,84,8,2.71
196,Tiznit,MA,2022-12-21 04:17:50,29.5833,-9.5,57.97,40,1,4.5
197,Broome,US,2022-12-21 04:17:51,42.2506,-75.833,21.58,86,0,0.0
198,Barabinsk,RU,2022-12-21 04:17:51,55.3571,78.357,15.19,96,100,2.89
199,Tiksi,RU,2022-12-21 04:16:39,71.6872,128.8694,-11.27,100,100,3.56
200,Verkhoyansk,RU,2022-12-21 04:17:52,67.5447,133.385,-27.22,99,89,2.48
201,Bambous Virieux,MU,2022-12-21 04:17:53,-20.3428,57.7575,80.85,65,40,6.91
202,Saint-Philippe,RE,2022-12-21 04:17:53,-21.3585,55.7679,81.99,78,95,7.94
203,Jinchang,CN,2022-12-21 04:17:54,38.4953,102.1739,36.82,25,0,6.42
204,Cabo San Lucas,MX,2022-12-21 04:15:42,22.8909,-109.9124,72.52,65,90,3.09
205,Sorong,ID,2022-12-21 04:17:54,-0.8833,131.25,83.5,76,99,6.98
206,Vredendal,ZA,2022-12-21 04:17:55,-31.6683,18.5012,69.24,52,0,7.43
207,Harrison,US,2022-12-21 04:17:55,30.4091,-89.0436,50.07,92,100,11.5
208,Strezhevoy,RU,2022-12-21 04:17:56,60.7333,77.5889,-5.87,99,95,7.34
209,Asfi,MA,2022-12-21 04:17:56,32.2994,-9.2372,62.78,59,9,5.01
210,Zemio,CF,2022-12-21 04:17:57,5.0314,25.1361,74.64,47,93,2.64
211,Ilulissat,GL,2022-12-21 04:17:57,69.2167,-51.1,17.62,41,41,4.61
212,Havre-Saint-Pierre,CA,2022-12-21 04:17:57,50.2334,-63.5986,28.4,80,100,5.75
213,Yendi,GH,2022-12-21 04:17:58,9.4427,-0.0099,70.38,21,83,5.73
214,Wageningen,NL,2022-12-21 04:17:58,51.9667,5.6667,48.11,98,75,4.61
215,Berdychiv,UA,2022-12-21 04:17:59,49.8993,28.6024,31.8,66,99,5.88
216,Kavaratti,IN,2022-12-21 04:17:59,10.5669,72.642,81.3,70,80,8.57
217,Laje,BR,2022-12-21 04:17:59,-10.1833,-40.9667,70.93,52,80,1.5
218,Lavrentiya,RU,2022-12-21 04:18:00,65.5833,-171.0,11.52,90,3,12.12
219,Black Forest,US,2022-12-21 04:18:00,39.0131,-104.7008,32.05,38,0,5.75
220,Road Town,VG,2022-12-21 04:16:29,18.4167,-64.6167,78.89,75,2,17.94
221,Thompson,CA,2022-12-21 04:18:01,55.7435,-97.8558,-7.44,71,100,6.91
222,Esperance,AU,2022-12-21 04:18:02,-33.8667,121.9,70.54,61,13,15.17
223,Kovdor,RU,2022-12-21 04:18:02,67.5662,30.4758,19.18,94,100,9.22
224,Timra,SE,2022-12-21 04:18:03,62.487,17.3257,28.08,93,100,3.44
225,Kharp,RU,2022-12-21 04:18:03,66.8014,65.8081,-9.47,84,100,3.67
226,Aykhal,RU,2022-12-21 04:18:04,66.0,111.5,-34.62,100,100,5.44
227,Concarneau,FR,2022-12-21 04:18:04,47.875,-3.9225,52.59,94,99,13.18
228,Challans,FR,2022-12-21 04:18:04,46.8436,-1.8749,49.96,91,54,10.29
229,Lashio,MM,2022-12-21 04:18:05,22.9333,97.75,70.5,56,62,1.25
230,La Maddalena,IT,2022-12-21 04:14:15,41.2142,9.4083,41.05,67,54,9.04
231,Carnarvon,AU,2022-12-21 04:19:06,-24.8667,113.6333,81.61,56,0,16.22
232,Hambantota,LK,2022-12-21 04:19:06,6.1241,81.1185,80.65,74,79,3.4
233,Leningradskiy,RU,2022-12-21 04:19:07,69.3833,178.4167,1.29,84,4,11.16
234,Husavik,IS,2022-12-21 04:19:07,66.0449,-17.3389,29.1,82,100,30.42
235,Mogadishu,SO,2022-12-21 04:14:13,2.0371,45.3438,78.44,85,81,12.17
236,Urusha,RU,2022-12-21 04:19:08,54.05,122.9,-10.71,81,33,2.01
237,Panzhihua,CN,2022-12-21 04:19:08,26.5851,101.7128,47.8,86,100,2.62
238,Northam,GB,2022-12-21 04:19:08,51.0333,-4.2167,48.38,96,94,17.78
239,Beloha,MG,2022-12-21 04:16:18,-25.1667,45.05,71.33,96,100,4.03
240,Kayerkan,RU,2022-12-21 04:19:09,69.3497,87.7602,-21.48,75,100,3.27
241,Medicine Hat,CA,2022-12-21 04:15:07,50.0501,-110.6683,-17.28,77,100,5.64
242,Bydgoszcz,PL,2022-12-21 04:19:10,53.1235,18.0076,39.61,91,0,9.22
243,Lagunas,PE,2022-12-21 04:19:10,-5.2269,-75.6753,72.27,94,99,0.2
244,Westport,US,2022-12-21 04:17:40,41.1415,-73.3579,31.55,71,0,6.91
245,Richards Bay,ZA,2022-12-21 04:19:11,-28.783,32.0377,67.51,90,100,12.24
246,Surt,LY,2022-12-21 04:19:11,31.2089,16.5887,60.89,80,76,5.57
247,Avenal,US,2022-12-21 04:19:11,36.0041,-120.129,40.77,64,71,3.71
248,Seoul,KR,2022-12-21 04:16:34,37.5683,126.9778,36.84,87,75,2.3
249,Dingle,PH,2022-12-21 04:19:12,10.9995,122.6711,82.44,81,96,8.23
250,Ozinki,RU,2022-12-21 04:19:12,51.1786,49.6769,21.04,82,99,10.87
251,Karlskrona,SE,2022-12-21 04:19:13,56.1616,15.5866,43.25,99,100,9.19
252,Khrebtovaya,RU,2022-12-21 04:19:13,56.7032,104.2494,-4.72,91,100,6.15
253,Yushu,CN,2022-12-21 04:19:14,44.8,126.5333,14.43,88,100,6.6
254,Okhotsk,RU,2022-12-21 04:19:14,59.3833,143.3,20.25,83,99,15.75
255,Acarau,BR,2022-12-21 04:19:14,-2.8856,-40.12,77.36,83,98,7.07
256,Mar Del Plata,AR,2022-12-21 04:16:57,-38.0023,-57.5575,69.87,88,5,23.0
257,Ambilobe,MG,2022-12-21 04:19:15,-13.2,49.05,77.16,83,93,1.12
258,Beyneu,KZ,2022-12-21 04:19:15,45.3167,55.2,22.03,92,25,9.66
259,Issia,CI,2022-12-21 04:19:16,6.4922,-6.5856,67.8,43,89,0.72
260,Karakol,KG,2022-12-21 04:19:16,42.4907,78.3936,23.22,66,25,3.62
261,Port Lincoln,AU,2022-12-21 04:19:17,-34.7333,135.8667,74.35,56,20,9.33
262,Shakawe,BW,2022-12-21 04:19:17,-18.3667,21.85,71.13,59,65,5.14
263,Babstovo,RU,2022-12-21 04:19:18,48.1167,132.4833,2.03,70,69,3.38
264,Mongo,TD,2022-12-21 04:19:18,12.1844,18.693,65.61,36,42,5.44
265,Saint George,US,2022-12-21 04:15:07,37.1041,-113.5841,39.94,56,0,1.99
266,Suntar,RU,2022-12-21 04:19:19,62.1444,117.6319,-24.92,98,33,3.24
267,Itupiranga,BR,2022-12-21 04:19:19,-5.1347,-49.3267,77.32,95,87,0.92
268,Ballina,AU,2022-12-21 04:19:20,-28.8667,153.5667,76.01,63,67,10.49
269,Zhigansk,RU,2022-12-21 04:19:20,66.7697,123.3711,-24.34,82,100,3.6
270,Quatre Cocos,MU,2022-12-21 04:19:21,-20.2078,57.7625,80.71,68,13,9.44
271,Rocha,UY,2022-12-21 04:15:27,-34.4833,-54.3333,58.57,95,0,5.88
272,Vestmannaeyjar,IS,2022-12-21 04:19:22,63.4427,-20.2734,34.0,52,93,20.87
273,Itarema,BR,2022-12-21 04:19:22,-2.9248,-39.9167,77.09,82,96,7.02
274,Mahajanga,MG,2022-12-21 04:18:29,-15.7167,46.3167,80.62,78,40,6.91
275,Bemidji,US,2022-12-21 04:19:23,47.4736,-94.8803,-17.82,77,82,0.0
276,Sterling,US,2022-12-21 04:15:21,39.0062,-77.4286,31.78,79,20,3.44
277,Fairbanks,US,2022-12-21 04:20:04,64.8378,-147.7164,-34.64,71,0,4.61
278,Along,IN,2022-12-21 04:20:10,28.1667,94.7667,67.53,43,79,0.11
279,Cockburn Town,TC,2022-12-21 04:20:24,21.4612,-71.1419,78.57,74,0,15.32
280,Turek,PL,2022-12-21 04:20:24,52.0155,18.5005,33.62,84,100,10.18
281,Waimana,NZ,2022-12-21 04:20:25,-38.15,177.0833,74.43,71,83,5.21
282,Lata,PT,2022-12-21 04:20:25,40.1629,-8.3327,57.92,98,99,4.81
283,Labuhan,ID,2022-12-21 04:20:25,-6.8844,112.2051,87.13,63,51,6.73
284,Sinnamary,GF,2022-12-21 04:20:26,5.3833,-52.95,77.02,83,100,9.82
285,Fort Nelson,CA,2022-12-21 04:20:26,58.8053,-122.7002,-44.01,66,0,2.3
286,Klaksvik,FO,2022-12-21 04:20:27,62.2266,-6.589,41.92,82,99,7.78
287,Kahului,US,2022-12-21 04:19:50,20.8947,-156.47,75.85,69,20,8.05
288,Port Alfred,ZA,2022-12-21 04:20:27,-33.5906,26.891,60.19,95,100,1.01
289,Iskateley,RU,2022-12-21 04:20:28,67.6803,53.1512,-18.96,98,18,1.21
290,Bereda,ES,2022-12-21 04:20:28,43.2686,-7.5406,55.42,89,100,9.69
291,Paranaiba,BR,2022-12-21 04:18:23,-19.6772,-51.1908,75.25,72,96,3.53
292,Cherskiy,RU,2022-12-21 04:20:29,68.75,161.3,14.95,76,10,6.33
293,Rawson,AR,2022-12-21 04:20:29,-43.3002,-65.1023,67.69,70,53,21.83
294,Kenai,US,2022-12-21 04:20:30,60.5544,-151.2583,-1.86,81,0,6.91
295,Sovetskiy,RU,2022-12-21 04:19:12,61.3614,63.5842,-3.39,91,100,10.11
296,Nioro,GM,2022-12-21 04:20:30,13.35,-15.75,70.9,17,0,6.69
297,Chapais,CA,2022-12-21 04:20:31,49.7834,-74.8492,19.18,94,100,7.38
298,Rolleston,NZ,2022-12-21 04:20:31,-43.5833,172.3833,63.39,59,75,16.11
299,Lipova,RO,2022-12-21 04:20:32,46.0833,21.7,29.43,48,74,2.3
300,De Aar,ZA,2022-12-21 04:20:32,-30.6497,24.0123,55.72,67,2,14.65
301,Maues,BR,2022-12-21 04:15:50,-3.3836,-57.7186,74.5,86,99,2.21
302,Ussel,FR,2022-12-21 04:20:33,45.55,2.3167,48.18,97,100,6.31
303,Grants Pass,US,2022-12-21 04:17:16,42.439,-123.3284,42.48,95,100,0.0
304,Komsomolskiy,UZ,2022-12-21 04:18:18,40.4272,71.7189,29.12,93,40,4.61
305,Brigantine,US,2022-12-21 04:20:34,39.4101,-74.3646,34.0,77,0,1.99
306,Jalu,LY,2022-12-21 04:20:34,29.0331,21.5482,49.96,75,0,8.52
307,Manzhouli,CN,2022-12-21 04:20:35,49.6,117.4333,-9.62,95,70,3.56
308,Athabasca,CA,2022-12-21 04:20:35,54.7169,-113.2854,-19.79,99,100,5.06
309,Bam,IR,2022-12-21 04:20:36,29.106,58.357,48.83,45,0,5.48
310,Novoanninskiy,RU,2022-12-21 04:20:36,50.5287,42.6747,31.48,68,100,10.8
311,Angoche,MZ,2022-12-21 04:20:37,-16.2325,39.9086,75.81,84,100,1.63
312,Manzanillo,CU,2022-12-21 04:20:37,20.3433,-77.1167,71.73,79,0,3.11
313,Severo-Yeniseyskiy,RU,2022-12-21 04:20:38,60.3725,93.0408,2.77,96,100,3.65
314,Anadyr,RU,2022-12-21 04:20:38,64.75,177.4833,3.22,88,14,2.71
315,Truckee,US,2022-12-21 04:20:38,39.328,-120.1833,36.91,87,100,0.0
316,Khash,IR,2022-12-21 04:20:39,28.2211,61.2158,41.05,51,0,6.49
317,Bubaque,GW,2022-12-21 04:20:39,11.2833,-15.8333,80.65,68,70,6.87
318,Gat,IL,2022-12-21 04:17:01,31.61,34.7642,58.41,79,10,4.45
319,Kiunga,PG,2022-12-21 04:20:40,-6.1219,141.2906,88.02,60,94,3.09
320,Mizque,BO,2022-12-21 04:21:41,-17.941,-65.3402,61.84,84,79,3.13
321,Shahdadkot,PK,2022-12-21 04:21:41,27.8477,67.9055,65.3,22,0,4.27
322,Grand Gaube,MU,2022-12-21 04:21:35,-20.0064,57.6608,81.0,65,8,10.0
323,Noumea,NC,2022-12-21 04:21:42,-22.2763,166.4572,75.18,90,100,10.33
324,Ararat,AM,2022-12-21 04:21:42,39.8317,44.7049,34.14,77,100,2.86
325,Kattivakkam,IN,2022-12-21 04:21:43,13.2167,80.3167,78.89,77,100,16.53
326,Katherine,AU,2022-12-21 04:21:43,-14.4667,132.2667,91.72,52,40,13.8
327,Hami,CN,2022-12-21 04:21:43,42.8,93.45,26.2,38,0,8.97
328,Shimoda,JP,2022-12-21 04:21:44,34.6667,138.95,50.36,58,62,9.57
329,Riviere-Du-Loup,CA,2022-12-21 04:21:44,47.8304,-69.5342,27.48,100,99,1.14
330,Chifeng,CN,2022-12-21 04:21:45,42.2683,118.9636,14.65,27,11,11.65
331,Mehamn,NO,2022-12-21 04:21:45,71.0357,27.8492,24.71,80,75,10.36
332,Ust-Kulom,RU,2022-12-21 04:21:46,61.6864,53.6902,-13.16,100,94,3.71
333,Korla,CN,2022-12-21 04:21:46,41.7597,86.1469,22.73,44,77,4.52
334,Ambanja,MG,2022-12-21 04:21:46,-13.6833,48.45,78.73,85,82,1.92
335,Butzow,DE,2022-12-21 04:21:47,53.85,11.9833,47.08,99,100,5.93
336,Sarangani,PH,2022-12-21 04:21:47,5.4033,125.4636,82.49,76,77,10.09
337,Wajima,JP,2022-12-21 04:21:48,37.4,136.9,41.68,93,75,1.14
338,Chokurdakh,RU,2022-12-21 04:21:48,70.6333,147.9167,-9.47,99,69,4.14
339,Lagos,NG,2022-12-21 04:18:04,6.5833,3.75,77.32,91,33,3.36
340,Biak,ID,2022-12-21 04:21:49,-0.9131,122.8766,84.51,66,100,2.71
341,Ust-Ishim,RU,2022-12-21 04:21:49,57.6935,71.1665,-9.72,100,59,4.74
342,Muros,ES,2022-12-21 04:21:49,42.7762,-9.0603,60.84,83,100,18.88
343,Praia Da Vitoria,PT,2022-12-21 04:21:50,38.7333,-27.0667,64.65,94,40,15.73
344,Sao Joao Da Barra,BR,2022-12-21 04:21:50,-21.6403,-41.0511,72.61,95,100,7.56
345,Ponta Delgada,PT,2022-12-21 04:21:51,37.7333,-25.6667,67.5,94,75,18.41
346,Luzhou,CN,2022-12-21 04:21:51,28.8724,105.4405,53.67,53,5,3.44
347,Padang,ID,2022-12-21 04:21:52,-0.9492,100.3543,86.05,64,89,5.88
348,Rongcheng,CN,2022-12-21 04:21:26,30.634,117.8517,51.35,35,0,6.22
349,Dawson Creek,CA,2022-12-21 04:21:52,55.7666,-120.2362,-40.36,67,75,0.0
350,Papara,BR,2022-12-21 04:21:53,-3.9839,-38.7273,79.2,91,39,3.06
351,Albanel,CA,2022-12-21 04:21:53,48.8832,-72.4487,23.14,93,100,4.61
352,Yar-Sale,RU,2022-12-21 04:21:53,66.8333,70.8333,-20.92,97,100,10.78
353,Acajutla,SV,2022-12-21 04:21:54,13.5928,-89.8275,77.29,69,9,4.29
354,Henties Bay,NA,2022-12-21 04:21:54,-22.116,14.2845,58.51,94,3,2.08
355,Dolores,AR,2022-12-21 04:21:55,-36.3132,-57.6792,67.3,70,100,11.74
356,Ibarra,EC,2022-12-21 04:21:55,0.35,-78.1167,55.18,83,96,3.2
357,Sebring,US,2022-12-21 04:21:25,27.4956,-81.4409,64.11,92,100,3.44
358,Alofi,NU,2022-12-21 04:21:56,-19.0595,-169.9187,84.09,65,5,10.36
359,Galesburg,US,2022-12-21 04:21:57,40.9478,-90.3712,23.79,79,100,6.91
360,Lahat,ID,2022-12-21 04:21:57,-3.8,103.5333,84.07,76,89,2.95
361,Swellendam,ZA,2022-12-21 04:21:57,-34.0226,20.4417,57.97,77,6,6.31
362,Mali,GN,2022-12-21 04:21:58,12.079,-12.2982,61.03,17,94,3.27
363,Asheboro,US,2022-12-21 04:21:59,35.7079,-79.8136,33.42,77,0,0.0
364,Samarai,PG,2022-12-21 04:21:59,-10.6167,150.6667,84.76,72,98,11.65
365,Dwarka,IN,2022-12-21 04:21:59,22.2394,68.9678,75.24,48,25,12.86
366,Burnie,AU,2022-12-21 04:23:00,-41.0667,145.9167,63.95,55,85,10.2
367,Mbaiki,CF,2022-12-21 04:23:00,3.8678,17.9892,67.39,38,99,1.61
368,Suoyarvi,RU,2022-12-21 04:23:01,62.0833,32.35,18.19,94,100,9.48
369,Pontes E Lacerda,BR,2022-12-21 04:23:01,-15.2261,-59.3353,70.02,98,62,3.98
370,Springbok,ZA,2022-12-21 04:23:02,-29.6643,17.8865,64.31,43,0,7.18
371,Hobyo,SO,2022-12-21 04:23:02,5.3505,48.5268,79.18,77,35,20.54
372,Upington,ZA,2022-12-21 04:23:03,-28.4478,21.2561,68.38,34,0,4.61
373,Macas,EC,2022-12-21 04:23:03,-2.3167,-78.1167,66.04,97,100,2.75
374,Staryy Nadym,RU,2022-12-21 04:23:03,65.6118,72.6842,-18.47,94,100,13.73
375,Peniche,PT,2022-12-21 04:20:25,39.3558,-9.3811,61.29,90,100,10.67
376,Gornopravdinsk,RU,2022-12-21 04:23:04,60.05,69.9,2.48,95,100,8.03
377,Innisfail,AU,2022-12-21 04:20:00,-17.5333,146.0333,82.85,58,100,11.86
378,La Rioja,ES,2022-12-21 04:23:05,42.25,-2.5,33.58,86,25,5.73
379,Vanimo,PG,2022-12-21 04:23:05,-2.6741,141.3028,78.96,87,100,3.87
380,Rapar,IN,2022-12-21 04:23:06,23.5667,70.6333,73.15,30,19,8.28
381,Thurso,GB,2022-12-21 04:23:06,58.5927,-3.5259,43.05,76,100,13.58
382,Morden,CA,2022-12-21 04:19:58,49.1919,-98.1014,-20.34,69,32,9.22
383,Belo Jardim,BR,2022-12-21 04:19:47,-8.3356,-36.4242,69.35,85,41,5.01
384,Chaozhou,CN,2022-12-21 04:23:07,23.6651,116.6379,66.06,38,100,11.63
385,Guilin,CN,2022-12-21 04:22:09,25.2819,110.2864,62.71,21,0,8.84
386,Statesboro,US,2022-12-21 04:18:27,32.4488,-81.7832,42.33,93,100,8.05
387,Caramay,PH,2022-12-21 04:23:08,10.1815,119.236,80.49,86,100,7.36
388,Paoua,CF,2022-12-21 04:23:08,7.2427,16.4406,63.36,26,83,4.34
389,Port Huron,US,2022-12-21 04:21:20,42.9709,-82.4249,26.87,89,20,3.44
390,Andros Town,BS,2022-12-21 04:23:09,24.7,-77.7667,73.36,76,95,5.55
391,Lixourion,GR,2022-12-21 04:23:09,38.2019,20.4314,50.25,64,0,4.07
392,Inhambane,MZ,2022-12-21 04:23:10,-23.865,35.3833,76.98,78,40,5.75
393,Grabouw,ZA,2022-12-21 04:23:10,-34.1515,19.0151,59.4,78,6,10.87
394,Christchurch,NZ,2022-12-21 04:22:25,-43.5333,172.6333,63.91,66,75,16.11
395,Khorixas,NA,2022-12-21 04:23:11,-20.3667,14.9667,59.22,56,1,1.52
396,Marzuq,YE,2022-12-21 04:23:11,14.4,46.4667,57.29,43,1,0.47
397,Pundaguitan,PH,2022-12-21 04:23:12,6.3711,126.1689,81.32,78,100,4.43
398,Marawi,PH,2022-12-21 04:21:48,7.9986,124.2928,75.92,80,100,2.91
399,Kaa-Khem,RU,2022-12-21 04:23:12,51.6833,94.7333,4.48,91,85,1.36
400,At-Bashi,KG,2022-12-21 04:23:13,41.1702,75.8106,10.72,72,45,1.45
401,Geilo,NO,2022-12-21 04:23:13,60.5333,8.2076,18.55,88,100,6.44
402,Ostrovnoy,RU,2022-12-21 04:23:14,68.0531,39.5131,19.18,86,100,16.31
403,Clyde River,CA,2022-12-21 04:21:10,70.4692,-68.5914,-3.77,77,100,17.27
404,Baracoa,CU,2022-12-21 04:23:15,20.3467,-74.4958,74.66,83,8,6.85
405,Mount Isa,AU,2022-12-21 04:23:15,-20.7333,139.5,91.17,38,76,9.22
406,Huarmey,PE,2022-12-21 04:23:16,-10.0681,-78.1522,70.32,86,96,7.38
407,Conil,FR,2022-12-21 04:23:16,44.9673,3.7177,43.48,95,100,6.89
408,Nantucket,US,2022-12-21 04:23:16,41.2835,-70.0995,37.51,77,0,9.22
409,Morwell,AU,2022-12-21 04:24:17,-38.2333,146.4,80.1,29,83,2.91
410,Mainit,PH,2022-12-21 04:24:17,9.535,125.5231,80.42,84,97,3.58
411,Juneau,US,2022-12-21 04:24:18,58.3019,-134.4197,10.4,48,20,8.05
412,Miles City,US,2022-12-21 04:24:18,46.4083,-105.8406,-8.43,70,100,11.5
413,Kuantan,MY,2022-12-21 04:24:19,3.8077,103.326,77.11,94,20,8.05
414,Villazon,BO,2022-12-21 04:24:21,-22.0866,-65.5942,50.02,67,61,11.45
415,Salym,RU,2022-12-21 04:24:21,60.0625,71.4789,-1.43,94,100,9.17
416,Mayo,US,2022-12-21 04:24:21,38.8876,-76.5119,34.95,76,0,3.44
417,Goderich,CA,2022-12-21 04:24:22,43.7501,-81.7165,33.91,80,22,13.8
418,Pevek,RU,2022-12-21 04:24:22,69.7008,170.3133,14.02,61,94,11.01
419,Pangody,RU,2022-12-21 04:24:23,65.85,74.4859,-20.72,95,100,12.19
420,Sharjah,AE,2022-12-21 04:24:23,25.3573,55.4033,69.78,63,0,5.75
421,Iqaluit,CA,2022-12-21 04:24:23,63.7506,-68.5145,-4.27,76,20,12.66
422,Kassala,SD,2022-12-21 04:24:24,15.451,36.4,70.92,64,1,6.91
423,Horqueta,PY,2022-12-21 04:24:25,-23.3428,-57.0597,73.36,62,51,5.03
424,Nagato,JP,2022-12-21 04:24:25,34.3833,131.2,44.64,90,100,13.96
425,Vilyuysk,RU,2022-12-21 04:24:25,63.7553,121.6247,-41.1,99,84,1.1
426,Krasnoselkup,RU,2022-12-21 04:24:26,65.7,82.4667,-10.75,92,100,8.1
427,Polyarnyy,RU,2022-12-21 04:24:26,69.1989,33.4478,19.2,84,100,6.53
428,Kudahuvadhoo,MV,2022-12-21 04:20:12,2.6708,72.8944,78.44,81,100,18.57
429,Fukue,JP,2022-12-21 04:24:27,32.6881,128.8419,52.16,100,75,3.44
430,Vizinga,RU,2022-12-21 04:24:27,61.0749,50.1031,-13.31,100,66,1.77
431,Palu,ID,2022-12-21 04:24:28,-0.8917,119.8707,89.67,53,100,5.1
432,Kenora,CA,2022-12-21 04:24:28,49.8167,-94.4337,-12.03,84,0,6.91
433,Grindavik,IS,2022-12-21 04:22:00,63.8424,-22.4338,30.67,69,75,27.63
434,Tres Lagoas,BR,2022-12-21 04:24:29,-20.7511,-51.6783,71.28,73,0,5.95
435,Harper,LR,2022-12-21 04:24:29,4.375,-7.7169,77.18,84,92,3.38
436,Changji,CN,2022-12-21 04:24:29,44.0167,87.3167,3.99,85,10,2.24
437,Kathu,TH,2022-12-21 04:24:30,7.9178,98.3332,84.69,99,47,12.17
438,Half Moon Bay,US,2022-12-21 04:24:30,37.4636,-122.4286,51.31,78,0,0.0
439,Huanan,CN,2022-12-21 04:24:31,46.2167,130.5167,11.35,80,99,7.31
440,Zima,RU,2022-12-21 04:24:31,53.9202,102.0442,8.19,93,100,8.59
441,Saint Augustine,US,2022-12-21 04:24:02,29.8947,-81.3145,63.01,97,100,13.8
442,Ouadda,CF,2022-12-21 04:24:32,8.0777,22.4007,66.88,33,67,3.74
443,Grenville,GD,2022-12-21 04:24:32,12.1167,-61.6167,78.85,81,2,15.66
444,Anchorage,US,2022-12-21 04:22:40,61.2181,-149.9003,0.55,83,100,3.0
445,Srednekolymsk,RU,2022-12-21 04:24:32,67.45,153.6833,-6.66,98,71,0.67
446,Talcahuano,CL,2022-12-21 04:24:33,-36.7167,-73.1167,62.28,88,100,4.61
447,San Martin,AR,2022-12-21 04:24:33,-33.081,-68.4681,81.14,36,12,10.45
448,Emerald,AU,2022-12-21 04:24:34,-23.5333,148.1667,84.34,38,1,13.58
449,Buchanan,LR,2022-12-21 04:24:34,5.8808,-10.0467,77.05,85,78,1.28
450,Kijang,KR,2022-12-21 04:24:34,35.2442,129.2139,38.93,93,100,4.21
451,Ca Mau,VN,2022-12-21 04:24:35,9.1769,105.15,83.03,61,73,6.87
452,Guerrero Negro,MX,2022-12-21 04:24:35,27.9769,-114.0611,59.23,72,59,11.25
453,Garowe,SO,2022-12-21 04:24:36,8.4054,48.4845,70.18,76,60,10.89
454,Singaparna,ID,2022-12-21 04:24:36,-7.3515,108.111,88.57,53,42,1.88
455,Joshimath,IN,2022-12-21 04:25:37,30.5667,79.5667,54.64,12,1,2.75
456,Inirida,CO,2022-12-21 04:25:37,3.8653,-67.9239,73.08,89,96,1.63
457,Kamenka,RU,2022-12-21 04:25:38,51.3223,42.7678,26.62,71,96,10.31
458,Arys,KZ,2022-12-21 04:25:38,42.4252,68.795,36.81,58,100,14.45
459,Exeter,GB,2022-12-21 04:25:38,50.7236,-3.5275,49.86,93,93,1.01
460,Khanu Woralaksaburi,TH,2022-12-21 04:25:39,16.0617,99.8606,79.38,53,65,1.7
461,Damietta,EG,2022-12-21 04:25:39,31.4165,31.8133,60.69,72,35,13.94
462,Corrente,BR,2022-12-21 04:25:40,-3.7367,-43.3394,72.77,95,92,2.26
463,Mondlo,ZA,2022-12-21 04:25:40,-27.983,30.7177,56.95,93,98,4.54
464,Clovis,US,2022-12-21 04:25:00,36.8252,-119.7029,44.47,100,100,5.75
465,Gaillac,FR,2022-12-21 04:25:41,43.9016,1.8969,53.91,92,100,4.79
466,Neuquen,AR,2022-12-21 04:25:41,-38.9516,-68.0591,75.09,41,0,0.0
467,Englewood,US,2022-12-21 04:25:05,39.6478,-104.9878,39.83,40,20,4.61
468,Aswan,EG,2022-12-21 04:24:54,24.0934,32.907,60.1,58,0,9.22
469,Neiafu,TO,2022-12-21 04:25:42,-18.65,-173.9833,84.88,79,20,6.91
470,Whitehorse,CA,2022-12-21 04:22:47,60.7161,-135.0538,-33.2,74,0,6.91
471,Sinop,TR,2022-12-21 04:25:06,41.7711,34.8709,31.8,87,66,3.6
472,Saint-Augustin,CA,2022-12-21 04:25:43,51.226,-58.6502,25.83,82,35,10.71
473,Shache,CN,2022-12-21 04:25:43,38.4167,77.2406,29.35,33,8,1.77
474,Narsaq,GL,2022-12-21 04:25:17,60.9167,-46.05,8.82,61,0,9.15
475,Cambui,BR,2022-12-21 04:25:44,-22.6122,-46.0575,63.32,96,77,3.04
476,Daru,PG,2022-12-21 04:25:44,-9.0763,143.2092,87.4,64,99,3.98
477,Tilichiki,RU,2022-12-21 04:25:45,60.4667,166.1,31.98,55,100,27.31
478,Sorland,NO,2022-12-21 04:25:45,67.667,12.6934,33.66,90,100,11.74
479,Coolum Beach,AU,2022-12-21 04:25:46,-26.5333,153.1,77.11,71,46,12.37
480,Nangomba,TZ,2022-12-21 04:25:46,-10.9,38.5,72.97,92,94,5.68
481,Cerro Punta,PA,2022-12-21 04:25:46,8.85,-82.5667,51.01,89,46,4.52
482,Cidreira,BR,2022-12-21 04:25:47,-30.1811,-50.2056,69.91,84,18,14.12
483,Havelock,US,2022-12-21 04:22:52,34.8791,-76.9013,42.75,72,40,9.22
484,Axim,GH,2022-12-21 04:25:48,4.8699,-2.2405,77.34,86,46,3.33
485,Poso,ID,2022-12-21 04:25:48,-1.3959,120.7524,86.16,62,100,4.85
486,Plouzane,FR,2022-12-21 04:25:48,48.3833,-4.6167,51.85,97,100,12.66
487,Eydhafushi,MV,2022-12-21 04:25:49,5.1033,73.0708,79.5,75,100,5.35
488,Steinbach,DE,2022-12-21 04:25:49,50.1667,8.5667,48.38,100,100,10.36
489,Miri,MY,2022-12-21 04:25:50,4.4148,114.0089,87.17,74,40,4.61
490,Semey,KZ,2022-12-21 04:25:50,50.4111,80.2275,14.22,73,0,11.18
491,Omsukchan,RU,2022-12-21 04:25:50,62.5333,155.8,14.85,96,82,8.88
492,Aleksandrov Gay,RU,2022-12-21 04:25:51,50.147,48.5704,26.37,52,100,13.22
493,Vao,NC,2022-12-21 04:25:52,-22.6667,167.4833,73.53,80,100,16.71
494,Arroyo,ES,2022-12-21 04:25:52,41.6096,-4.7969,48.6,88,75,11.5
495,Saint-Georges,GD,2022-12-21 04:25:53,12.0564,-61.7485,78.48,78,20,11.5
496,Karasjok,NO,2022-12-21 04:25:53,69.4719,25.5112,15.46,95,100,10.85
497,Alihe,CN,2022-12-21 04:25:53,50.5667,123.7167,-2.65,78,100,3.02
498,Cayenne,GF,2022-12-21 04:26:27,4.9333,-52.3333,73.44,94,75,0.0
499,Qinhuangdao,CN,2022-12-21 04:26:54,39.9317,119.5883,26.73,21,12,4.52
500,Alice Springs,AU,2022-12-21 04:26:28,-23.7,133.8833,94.55,28,92,6.91
501,Vanderhoof,CA,2022-12-21 04:25:13,54.0166,-124.0198,-20.02,97,15,2.84
502,Karpathos,GR,2022-12-21 04:26:55,35.507,27.2132,55.36,62,5,20.71
503,Alnashi,RU,2022-12-21 04:26:55,56.1874,52.4792,-5.67,100,87,4.29
504,Manokwari,ID,2022-12-21 04:26:56,-0.8667,134.0833,81.5,79,92,9.89
505,General Cepeda,MX,2022-12-21 04:26:56,25.3833,-101.45,49.06,60,24,6.22
506,Sistranda,NO,2022-12-21 04:26:57,63.7256,8.834,33.76,85,70,10.27
507,Xichang,CN,2022-12-21 04:26:57,27.8964,102.2634,47.5,66,95,2.19
508,Sangar,RU,2022-12-21 04:26:58,63.9242,127.4739,-24.48,93,100,1.86
509,Marsa Matruh,EG,2022-12-21 04:26:58,31.3525,27.2453,61.0,67,40,12.66
510,Salinopolis,BR,2022-12-21 04:26:59,-0.6136,-47.3561,77.68,84,37,6.08
511,Mundra,IN,2022-12-21 04:26:59,22.85,69.7333,73.96,28,28,8.66
512,Darnah,LY,2022-12-21 04:26:59,32.767,22.6367,57.6,63,99,24.85
513,Nanortalik,GL,2022-12-21 04:24:42,60.1432,-45.2371,21.22,51,0,5.46
514,Usinsk,RU,2022-12-21 04:24:16,65.9939,57.5281,-13.94,87,7,6.93
515,Victor Harbor,AU,2022-12-21 04:27:00,-35.5667,138.6167,81.68,70,77,3.65
516,Halifax,CA,2022-12-21 04:27:00,44.6453,-63.5724,39.2,89,100,11.5
517,Souillac,MU,2022-12-21 04:27:01,-20.5167,57.5167,80.98,65,40,6.91
518,Grand Forks,US,2022-12-21 04:27:01,47.9417,-97.4337,-24.07,69,20,10.36
519,Apaseo El Alto,MX,2022-12-21 04:27:02,20.45,-100.6167,48.15,78,32,12.35
520,Bad Aussee,AT,2022-12-21 04:27:02,47.61,13.7824,36.75,76,82,4.07
521,Tondon,GN,2022-12-21 04:27:02,10.3667,-13.35,72.46,67,100,2.24
522,Bengkulu,ID,2022-12-21 04:27:03,-3.8004,102.2655,84.96,64,77,8.16
523,Ilebo,CD,2022-12-21 04:27:03,-4.3167,20.5833,68.54,96,100,0.34
524,Cukai,MY,2022-12-21 04:27:04,4.25,103.4167,76.37,88,100,6.73
525,Taoudenni,ML,2022-12-21 04:27:04,22.6783,-3.9836,63.68,34,0,13.69
526,Camacha,PT,2022-12-21 04:27:05,33.0833,-16.3333,60.22,94,20,2.3
527,Jatai,BR,2022-12-21 04:27:05,-17.8814,-51.7144,66.6,95,72,1.7
528,Waipawa,NZ,2022-12-21 04:27:06,-41.4122,175.5153,54.86,83,100,10.45
529,Champerico,GT,2022-12-21 04:27:06,14.3,-91.9167,78.08,80,0,4.07
530,Camargo,MX,2022-12-21 04:27:06,27.6667,-105.1667,53.62,34,100,5.1
531,Tessalit,ML,2022-12-21 04:27:07,20.1986,1.0114,61.63,33,0,10.04
532,Mackay,AU,2022-12-21 04:27:07,-21.15,149.2,82.69,58,59,20.74
533,Barmer,IN,2022-12-21 04:27:08,25.75,71.3833,65.05,19,0,6.96
534,Olga,RU,2022-12-21 04:25:49,43.7444,135.2892,25.57,54,91,1.14
535,Dharchula,IN,2022-12-21 04:27:08,29.85,80.5333,62.28,12,5,2.82
536,Bamako,ML,2022-12-21 04:27:09,12.65,-8.0,69.17,18,100,4.81
537,Ustrzyki Dolne,PL,2022-12-21 04:27:09,49.4304,22.5938,33.13,100,98,8.61
538,Baykit,RU,2022-12-21 04:27:10,61.67,96.37,-10.23,98,100,2.46
539,Skjervoy,NO,2022-12-21 04:27:10,70.0311,20.9714,23.0,72,100,20.27
540,Griffith,US,2022-12-21 04:27:11,41.5284,-87.4237,31.05,80,100,5.75
541,San Quintin,MX,2022-12-21 04:27:11,30.4833,-115.95,56.98,68,0,8.66
542,Gashua,NG,2022-12-21 04:27:11,12.871,11.0482,61.75,32,75,9.86
543,Dedougou,BF,2022-12-21 04:28:12,12.4667,-3.4667,69.08,18,100,7.99
544,Manacapuru,BR,2022-12-21 04:28:12,-3.2997,-60.6206,77.36,82,100,1.28
545,Marsh Harbour,BS,2022-12-21 04:28:13,26.5412,-77.0636,71.38,85,100,25.64
546,Port Hedland,AU,2022-12-21 04:28:13,-20.3167,118.5667,87.85,45,0,16.11
547,Humberto De Campos,BR,2022-12-21 04:28:13,-2.5983,-43.4611,74.3,90,99,2.08
548,Severo-Kurilsk,RU,2022-12-21 04:24:38,50.6789,156.125,32.5,95,100,12.88
549,Berlevag,NO,2022-12-21 04:28:14,70.8578,29.0864,24.75,63,75,12.66
550,Bukachacha,RU,2022-12-21 04:28:14,52.9833,116.9167,-6.38,71,17,3.96
551,Andenes,NO,2022-12-21 04:27:53,69.3143,16.1194,28.92,80,100,8.05
552,Guayaquil,EC,2022-12-21 04:27:59,-2.1667,-79.9,78.76,73,75,11.5
553,Verkhnevilyuysk,RU,2022-12-21 04:28:15,63.4453,120.3167,-39.08,100,70,1.68
554,Ottumwa,US,2022-12-21 04:24:26,41.02,-92.4113,12.94,81,0,6.91
555,Tankhoy,RU,2022-12-21 04:28:16,51.5528,105.1306,17.65,60,87,0.72
556,Lorengau,PG,2022-12-21 04:28:16,-2.0226,147.2712,85.35,67,39,5.39
557,Sioux Lookout,CA,2022-12-21 04:28:17,50.1001,-91.917,-9.33,84,40,6.91
558,Carballo,ES,2022-12-21 04:28:17,43.213,-8.691,59.86,85,99,11.52
